{
  "accuracy": 0.8499339747217506,
  "precision": 0.8499858477214831,
  "recall": 0.999889012208657,
  "f1": 0.9188637870365648,
  "specificity": 0.001256281407035176,
  "confusion_matrix": {
    "true_negatives": 2,
    "false_positives": 1590,
    "false_negatives": 1,
    "true_positives": 9009
  },
  "roc_auc": 0.6038780891137151
}